{"sample_token": "c32d636e44604d77a1734386b3fe4a0d", "map_patch": [1391.75, 1196.0, 1513.25, 1273.0], "egobbox": [[90.42155802622801, 408.77852537925037], [90.42161644645375, 391.4809118079188], [49.58161729054381, 391.4809118079188], [49.5815588703158, 408.7785253792527]], "map_objects_center": [[1482.3596872249866, 1235.9970807505547], [1444.9716454529105, 1240.002774066303], [1442.376, 1219.195], [1448.666, 1218.149], [1443.700865319825, 1216.1603844014148], [1455.4824477189618, 1235.8749554822853]], "map_objects_elevation": [0.5354029314789279, 0.1700801990288353, 0.5442447455188538, 0.23750000000000004, 0.3656919249445476, 0.2326371680354894], "map_objects_bbox": [[[676.9102547525085, 253.52701876802027], [673.6568594622257, 260.94493081152683], [680.3421382174815, 263.8770031101762], [683.5955335077665, 256.45909106666977]], [[355.9559260783999, 414.3180916063329], [356.0127269271402, 393.9681708776516], [307.73291499688406, 393.8334119107185], [307.67611414814616, 414.1833326393998]], [[423.1010015583752, 576.4143085421892], [403.4166064270903, 573.3596418966431], [395.98235748251005, 621.2662420956758], [415.66675261379487, 624.320908741222]], [[483.85838957016404, 554.5815875136304], [464.38849429328684, 551.0928086574427], [455.4989869954192, 600.7026530434223], [474.96888227229647, 604.1914318996078]], [[449.2961538109603, 596.8910729101981], [430.34722201851076, 593.6744933720888], [422.28736402915735, 641.1552714743016], [441.23629582160675, 644.3718510124131]], [[469.2129071826639, 399.76822319641536], [468.6339652989932, 377.89588390005065], [418.4315485045022, 379.22469840636495], [419.01049038817524, 401.097037702732]]], "image_objects_bbox": [[[543.8262415966115, 458.2119438841413], [529.771820606845, 458.27030456757143], [529.5053649154363, 499.78787474584135], [543.5623014842294, 499.96469246185876], [553.3134371162092, 458.49189542134553], [539.362610355335, 458.548047565311], [539.1018219810913, 499.6034739515843], [553.0551385672663, 499.7772791728816]], [[812.7791100168674, 465.25981762871646], [907.6761476426545, 465.66032245434144], [907.3805175769068, 542.9371768447077], [812.4335246751369, 542.4598687873643], [806.1785917476142, 461.8542759644766], [921.8605691386284, 462.33841873209013], [921.5092881345507, 556.5562236820257], [805.7530673518422, 555.9579372275865]], [[1531.4736673460868, 453.3472568641067], [1502.224534677983, 455.012515432995], [1502.2407757901037, 519.3781404604497], [1531.5046449447852, 521.7364544316687], [1745.181863833625, 453.49513499010175], [1702.346479893386, 455.19195437943944], [1702.4536189225812, 521.1226207896411], [1745.3164892486784, 523.6538443895631]], [[1344.4643394142408, 464.88990750466206], [1330.6873057486255, 465.72126605124896], [1330.6345026136241, 522.8529122883406], [1344.4144815029745, 524.9780191056626], [1527.1426338975712, 465.22504521089706], [1503.8251753512411, 466.05977955797454], [1503.8405840649484, 524.5845722265033], [1527.1687172736397, 526.8561669269238]], [[1551.8760431596313, 451.95309429594823], [1525.6462831236806, 453.51764958544186], [1525.6750292273232, 523.1229072700332], [1551.9196017101203, 525.4182725750657], [1749.0237674021857, 451.9952329659463], [1711.5490498293955, 453.5955643819813], [1711.669413859166, 524.8941912021809], [1749.1703494452545, 527.3493458779161]], [[767.9228097287136, 463.7615693444266], [839.7241254541302, 464.0916667796444], [839.4746387183832, 522.223859947198], [767.6444363312685, 521.947523579591], [762.1109561269542, 461.2014429481565], [844.7844495179926, 461.58422434440814], [844.4995127646051, 528.5166842368345], [761.7877200080934, 528.205183035374]]], "objects_token": ["0183ed8a474f411f8a3394eb78df7838", "74f9ebe0551245a4b8c75baa56c94650", "6ffbac85dc92440b863ab5ebccddb955", "23d94b18989b4585acd689b687e3be7d", "648702e2c9fd45e1a22cc1e4e93022b2", "b625a075f5d647238446796e606b971e"], "objects_type": ["human.pedestrian.adult", "vehicle.car", "vehicle.car", "vehicle.car", "vehicle.car", "vehicle.car"], "cam_intrinsic": [[1252.8131021185304, 0.0, 826.588114781398], [0.0, 1252.8131021185304, 469.9846626224581], [0.0, 0.0, 1.0]], "ego_translation": [1422.235781555929, 1252.9978352838903, 0.0], "ego_rotation": [[0.8758094737437914, 0.4825933306581928, 0.007838552471895594], [-0.4826569427287832, 0.8756870494284978, 0.014644695248272789], [0.00020331337043346434, -0.01660929461003227, 0.9998620354810106]], "cam_translation": [1.72200568478, 0.00475453292289, 1.49491291905], "cam_rotation": [[0.010260207775400836, 0.00843344807166727, 0.9999117986552754], [-0.9998725753702894, 0.012316255772487425, 0.010155927635204], [-0.0122295199738352, -0.9998885871922777, 0.008558740785910231]]}